{"estado_onde_nasceu": {"CE": 0.5047120418848168, "SE": 0.5359477124183006, "BA": 0.51213282247765, "RS": 0.4572471324296142, "SP": 0.5126338329764454, "ES": 0.49800796812749004, "GO": 0.5065217391304347, "PR": 0.4594240837696335, "AC": 0.5729166666666666, "PE": 0.5118110236220472, " ": 0.4951338199513382, "MA": 0.5025996533795494, "MG": 0.475103734439834, "MT": 0.5013333333333333, "RN": 0.5139056831922612, "PA": 0.5066666666666667, "SC": 0.3948339483394834, "PI": 0.5352112676056338, "RR": 0.6666666666666666, "RJ": 0.5159944367176634, "AL": 0.5288035450516987, "AM": 0.5102040816326531, "DF": 0.549618320610687, "MS": 0.5628140703517588, "PB": 0.4819078947368421, "TO": 0.5, "AP": 0.47058823529411764, "RO": 0.5660377358490566}, "estado_onde_reside": {"CE": 0.5024128686327077, "SE": 0.6, "BA": 0.5227606461086637, "RS": 0.45486459378134403, "SP": 0.4909141738887336, "ES": 0.5280898876404494, "GO": 0.5410557184750733, "MG": 0.4886267902274642, "AC": 0.5161290322580645, "PE": 0.5289757412398922, "PR": 0.45737704918032784, "PB": 0.4909819639278557, "MA": 0.5275862068965518, "RJ": 0.5046403712296984, "MT": 0.47113594040968343, "RN": 0.5153664302600472, "PA": 0.48056155507559395, "SC": 0.3861788617886179, "PI": 0.49044585987261147, "AP": 0.4494949494949495, "RR": 0.6, "RO": 0.432, "AL": 0.560067681895093, "MS": 0.5620437956204379, "AM": 0.5308641975308642, "DF": 0.5578947368421052, "TO": 0.5348837209302325}, "estado_onde_trabalha": {" ": 0.49019752358490565, "RS": 0.4938875305623472, "BA": 0.551056338028169, "CE": 0.5051020408163265, "PE": 0.5745257452574526, "PR": 0.4872881355932203, "RJ": 0.5152838427947598, "PB": 0.5454545454545454, "SP": 0.5079207920792079, "MG": 0.512, "PI": 0.5641025641025641, "RO": 0.36065573770491804, "PA": 0.4873417721518987, "MT": 0.48660714285714285, "AL": 0.6026490066225165, "RN": 0.5518867924528302, "DF": 0.5478260869565217, "MA": 0.6575342465753424, "SC": 0.41228070175438597, "AM": 0.5740740740740741, "ES": 0.5116279069767442, "MS": 0.62, "TO": 0.3888888888888889, "GO": 0.5321100917431193, "AC": 0.5555555555555556, "AP": 0.4805194805194805, "SE": 0.68, "RR": 1.0}, "codigo_area_telefone_residencial": {"107": 0.48774080560420313, "91": 0.6078431372549019, "90": 0.4342857142857143, "54": 0.4706533776301218, "86": 0.4300341296928328, "16": 0.3968253968253968, "25": 0.5657894736842105, "67": 0.5333333333333333, " ": 0.5873195584489103, "81": 0.5869158878504673, "10": 0.4622222222222222, "58": 0.3474903474903475, "32": 0.4444444444444444, "76": 0.5375, "97": 0.5148861646234676, "40": 0.5203619909502263, "5": 0.48911860718171923, "9": 0.4921875, "14": 0.5495495495495496, "84": 0.47706422018348627, "103": 0.46272493573264784, "20": 0.4896810506566604, "112": 0.44571428571428573, "111": 0.41, "117": 0.5268542199488491, "48": 0.42857142857142855, "29": 0.5286458333333334, "114": 0.38461538461538464, "122": 0.631578947368421, "77": 0.4158415841584158, "71": 0.49002849002849, "100": 0.539553752535497, "85": 0.45555555555555555, "105": 0.47832817337461303, "50": 0.3644859813084112, "44": 0.3894736842105263, "33": 0.5584415584415584, "118": 0.5350877192982456, "66": 0.5707434052757794, "125": 0.6101694915254238, "22": 0.47706422018348627, "120": 0.3697478991596639, "12": 0.4573643410852713, "38": 0.17647058823529413, "62": 0.42857142857142855, "18": 0.42105263157894735, "73": 0.4, "27": 0.390625, "41": 0.3148148148148148, "39": 0.44680851063829785, "126": 0.3815789473684211, "75": 0.5528846153846154, "30": 0.2765957446808511, "68": 0.5151515151515151, "61": 0.42857142857142855, "69": 0.46153846153846156, "15": 0.445859872611465, "123": 0.41139240506329117, "46": 0.2857142857142857, "110": 0.494949494949495, "24": 0.4411764705882353, "31": 0.3333333333333333, "119": 0.4, "52": 0.3870967741935484, "13": 0.375, "109": 0.0, "43": 0.40540540540540543, "47": 0.4074074074074074, "95": 0.0, "83": 0.0, "124": 0.6111111111111112, "70": 0.0, "2": 1.0, "17": 0.0, "1": 0.3333333333333333, "113": 0.0, "36": 0.0, "6": 0.5, "89": 0.0, "93": 0.0, "99": 0.0}, "codigo_area_telefone_trabalho": {" ": 0.49511019283746555, "54": 0.54421768707483, "107": 0.5282555282555282, "69": 0.43333333333333335, "81": 0.5969387755102041, "58": 0.398876404494382, "97": 0.5795454545454546, "40": 0.5964912280701754, "20": 0.5034965034965035, "5": 0.5388272583201268, "110": 0.5416666666666666, "50": 0.4067796610169492, "117": 0.5370370370370371, "84": 0.549618320610687, "66": 0.532608695652174, "125": 0.75, "86": 0.4479166666666667, "120": 0.3404255319148936, "118": 0.6486486486486487, "38": 0.18181818181818182, "29": 0.5508021390374331, "105": 0.5164835164835165, "18": 0.4358974358974359, "27": 0.42105263157894735, "73": 0.3815789473684211, "44": 0.44, "32": 0.5, "67": 0.5327868852459017, "25": 0.5094339622641509, "126": 0.3, "112": 0.2619047619047619, "77": 0.3888888888888889, "22": 0.5254237288135594, "100": 0.5892857142857143, "62": 0.42424242424242425, "103": 0.4918032786885246, "71": 0.5641025641025641, "123": 0.5, "111": 0.3902439024390244, "15": 0.475, "14": 0.5283018867924528, "33": 0.5192307692307693, "30": 0.3684210526315789, "24": 0.2857142857142857, "61": 0.4444444444444444, "39": 0.2857142857142857, "75": 0.6176470588235294, "90": 0.7, "9": 0.375, "91": 0.6470588235294118, "13": 0.3333333333333333, "10": 0.4411764705882353, "48": 0.42105263157894735, "68": 0.4375, "52": 0.4166666666666667, "12": 0.49019607843137253, "114": 0.0, "41": 0.3404255319148936, "122": 1.0, "94": 1.0, "76": 0.5789473684210527, "16": 0.39285714285714285, "4": 0.0, "85": 0.3611111111111111, "53": 0.0, "119": 0.42105263157894735, "43": 0.6666666666666666, "47": 0.16666666666666666, "31": 0.0, "96": 0.0, "115": 0.0, "124": 0.5, "72": 1.0, "7": 0.0, "19": 0.0, "46": 0.0, "74": 1.0}}