{"Imbiribeira": 448228.3333333333, "Casa Amarela": 506917.8622222222, "Encruzilhada": 416455.32515337423, "Boa Viagem": 876340.6047529706, "Rosarinho": 599055.7475247525, "Boa Vista": 506908.225, "Espinheiro": 534571.1057692308, "Tamarineira": 575885.0574712644, "Gracas": 690600.0, "Madalena": 583929.8409785932, "Parnamirim": 748617.8699186991, "S Jose": 1937500.0, "Setubal": 487251.76470588235, "Arruda": 251666.66666666666, "Pina": 894779.6666666666, "Beira Rio": 736800.0, "Caxanga": 352413.4482758621, "Casa Forte": 4235034.090452261, "Prado": 448383.4, "Iputinga": 268065.0, "Campo Grande": 329308.0022413793, "Dois Irmaos": 945000.0, "Torreao": 447179.76470588235, "Ilha do Retiro": 795671.4285714285, "Areias": 7561666.666666667, "Varzea": 296056.4166666667, "Cordeiro": 365807.8947368421, "Torre": 1917213.725, "Santana": 1962250.0, "Barro": 1055400.0, "Poco da Panela": 1043019.2307692308, "Ipsep": 464000.0, "Aflitos": 571253.4155844155, "Poco": 561250.0, "Apipucos": 1233013.5357142857, "Derby": 704205.2631578947, "Cid Universitaria": 258360.0, "Bongi": 411428.5714285714, "Jaqueira": 1263136.32, "Sto Amaro": 808514.2307692308, "Tejipio": 258705.88235294117, "Recife": 520250.0, "Monteiro": 1035568.0588235294, "Macaxeira": 1124000.0, "Sancho": 217500.0, "Afogados": 546666.6666666666, "San Martin": 315000.0, "Cajueiro": 830000.0, "Hipodromo": 760500.0, "Guabiraba": 589000.0, "Engenho do Meio": 302850.0, "Piedade": 1101363.6363636365, "Jd S Paulo": 359527.77777777775, "Lagoa do Araca": 320000.0, "Ponto de Parada": 370000.0, "Ilha do Leite": 683750.0, "Estancia": 475000.0, "Paissandu": 345200.0, "Zumbi": 150000.0, "Agua Fria": 155000.0, "Benfica": 571333.3333333334, "Soledade": 274163.5, "Centro": 314000.0, "Sto Antonio": 600000.0, "Coelhos": 550000.0, "Cohab": 260000.0, "default": 927705.305174034}